,Rank,Name,Platform,Publisher,Developer,Critic_Score,User_Score,Total_Shipped,Year
0,1,Wii Sports,Nintendo Wii,Nintendo,Nintendo EAD,7.7,8.0,82.9,2006
1,2,Super Mario Bros.,Nintendo Entertainment System,Nintendo,Nintendo EAD,10.0,8.2,40.24,1985
3,4,Mario Kart Wii,Nintendo Wii,Nintendo,Nintendo EAD,8.2,9.1,37.32,2008
6,7,Wii Sports Resort,Nintendo Wii,Nintendo,Nintendo EAD,8.0,8.8,33.13,2009
9,10,New Super Mario Bros. Wii,Nintendo Wii,Nintendo,Nintendo EAD,8.6,9.2,30.3,2009
12,13,Duck Hunt,Nintendo Entertainment System,Nintendo,Nintendo R&D1,7.5,8.3,28.31,1985
13,14,Wii Play,Nintendo Wii,Nintendo,Nintendo EAD,5.9,6.5,28.02,2007
14,15,Mario Kart 8 Deluxe,Nintendo Switch,Nintendo,Nintendo EPD,9.3,8.7,24.77,2017
19,20,Wii Fit,Nintendo Wii,Nintendo,Nintendo EAD,7.9,,22.67,2008
20,21,Wii Fit Plus,Nintendo Wii,Nintendo,Nintendo EAD,8.0,,21.13,2009
21,22,Super Mario World,Super Nintendo Entertainment System,Nintendo,Nintendo EAD,8.5,9.3,20.61,1991
25,26,Super Smash Bros. Ultimate,Nintendo Switch,Nintendo,Bandai Namco Games,9.4,9.7,18.84,2018
29,30,Super Mario Odyssey,Nintendo Switch,Nintendo,Nintendo EPD,9.9,9.0,17.41,2017
30,31,The Legend of Zelda: Breath of the Wild,Nintendo Switch,Nintendo,Nintendo EPD,9.9,10.0,17.41,2017
31,32,Pokemon Sword / Shield,Nintendo Switch,Nintendo,Game Freak,8.0,4.6,17.37,2019
33,34,Super Mario Bros. 3,Nintendo Entertainment System,Nintendo,Nintendo R&D2,9.8,9.3,17.28,1990
57,58,Animal Crossing: New Horizons,Nintendo Switch,Nintendo,Nintendo,9.0,5.4,13.41,2020
61,62,Super Smash Bros. Brawl,Nintendo Wii,Nintendo,Project Sora,9.2,9.7,13.32,2008
66,67,Super Mario Galaxy,Nintendo Wii,Nintendo,Nintendo EAD Tokyo,9.7,9.6,12.8,2007
77,78,"Pokemon: Let's Go, Pikachu/Eevee",Nintendo Switch,Nintendo,Game Freak,8.0,6.2,11.97,2018
79,80,Super Mario 64,Nintendo 64,Nintendo,Nintendo EAD,9.7,9.0,11.91,1996
94,95,Super Mario All-Stars,Super Nintendo Entertainment System,Nintendo,Nintendo EAD,9.2,9.5,10.55,1993
98,99,Splatoon 2,Nintendo Switch,Nintendo,Nintendo EPD,8.2,8.5,10.13,2017
99,100,Super Mario Party,Nintendo Switch,Nintendo,"Nd Cube Co., Ltd.",7.3,7.5,10.1,2018
106,107,Mario Kart 64,Nintendo 64,Nintendo,Nintendo EAD,8.5,,9.87,1997
110,111,Wii Party,Nintendo Wii,Nintendo,"Nd Cube Co., Ltd.",7.0,,9.34,2010
113,114,Donkey Kong Country,Super Nintendo Entertainment System,Nintendo,Rare Ltd.,9.0,8.8,9.3,1994
119,120,Mario Party 8,Nintendo Wii,Nintendo,Hudson Soft,6.5,,8.85,2007
121,122,Super Mario Kart,Super Nintendo Entertainment System,Nintendo,Nintendo EAD,10.0,,8.76,1992
128,129,Mario Kart 8,Nintendo Wii U,Nintendo,Nintendo,8.8,8.9,8.45,2014
132,133,GoldenEye 007,Nintendo 64,Nintendo,Rare Ltd.,9.8,,8.09,1997
142,143,The Legend of Zelda: Ocarina of Time,Nintendo 64,Nintendo,Nintendo EAD,9.9,10.0,7.6,1998
146,147,Super Mario Bros. 2,Nintendo Entertainment System,Nintendo,Nintendo EAD,8.5,8.1,7.46,1988
147,148,Super Mario Galaxy 2,Nintendo Wii,Nintendo,Nintendo EAD Tokyo,9.7,9.8,7.41,2010
148,149,Super Smash Bros. Melee,Nintendo GameCube,Nintendo,HAL Laboratory,9.2,,7.41,2001
152,153,The Legend of Zelda: Twilight Princess,Nintendo Wii,Nintendo,Nintendo EAD,9.5,9.6,7.26,2006
163,164,Mario Kart: Double Dash!!,Nintendo GameCube,Nintendo,Nintendo EAD,8.5,,6.88,2003
171,172,New Super Mario Bros. U Deluxe,Nintendo Switch,Nintendo,Nintendo EPD,8.0,6.6,6.6,2019
174,175,Donkey Kong Country Returns,Nintendo Wii,Nintendo,Retro Studios,8.6,,6.53,2010
175,176,The Legend of Zelda,Nintendo Entertainment System,Nintendo,Nintendo EAD,8.4,8.8,6.51,1987
184,185,Luigi's Mansion 3,Nintendo Switch,Nintendo,"Next Level Games, Inc.",8.6,8.5,6.33,2019
202,203,Super Mario Sunshine,Nintendo GameCube,Nintendo,Nintendo EAD,9.2,,5.91,2002
203,204,Super Mario 3D World,Nintendo Wii U,Nintendo,Nintendo EAD Tokyo,9.5,8.9,5.84,2013
205,206,New Super Mario Bros. U,Nintendo Wii U,Nintendo,Nintendo EAD,8.4,8.0,5.8,2012
206,207,Link's Crossbow Training,Nintendo Wii,Nintendo,Nintendo EAD,6.9,,5.79,2007
214,215,Tetris,Nintendo Entertainment System,Nintendo,Nintendo,,,5.58,1989
217,218,Super Smash Bros.,Nintendo 64,Nintendo,HAL Laboratory,8.4,,5.55,1999
226,227,Super Mario Maker 2,Nintendo Switch,Nintendo,Nintendo,8.8,8.5,5.48,2019
227,228,Pokemon Stadium,Nintendo 64,Nintendo,HAL Laboratory,7.5,,5.46,2000
232,233,Super Smash Bros. for Wii U,Nintendo Wii U,Nintendo,Bandai Namco Games,9.2,8.9,5.37,2014
240,241,Donkey Kong 64,Nintendo 64,Nintendo,Rare Ltd.,9.3,,5.27,1999
248,249,Nintendo Land,Nintendo Wii U,Nintendo,Nintendo,7.8,7.9,5.2,2012
250,251,Donkey Kong Country 2: Diddy's Kong Quest,Super Nintendo Entertainment System,Nintendo,Rare Ltd.,9.3,,5.15,1995
276,277,Splatoon,Nintendo Wii U,Nintendo,Nintendo EAD,8.4,8.7,4.95,2015
281,282,Diddy Kong Racing,Nintendo 64,Nintendo,Rare Ltd.,8.3,,4.88,1997
284,285,Dr. Mario,Nintendo Entertainment System,Nintendo,Nintendo R&D1,,,4.85,1990
300,301,The Legend of Zelda: A Link to the Past,Super Nintendo Entertainment System,Nintendo,Nintendo EAD,10.0,,4.61,1992
305,306,"Pokemon: Let's Go, Pikachu!",Nintendo Switch,Nintendo,Game Freak,8.3,6.1,4.57,2018
326,327,The Legend of Zelda: The Wind Waker,Nintendo GameCube,Nintendo,Nintendo EAD,9.6,,4.43,2003
329,330,The Legend of Zelda: Link's Awakening,Nintendo Switch,Nintendo,Nintendo,8.7,8.4,4.38,2019
330,331,Zelda II: The Adventure of Link,Nintendo Entertainment System,Nintendo,Nintendo EAD,,,4.38,1988
338,339,Animal Crossing: City Folk,Nintendo Wii,Nintendo,Nintendo EAD,7.1,8.8,4.32,2008
349,350,Super Paper Mario,Nintendo Wii,Nintendo,Intelligent Systems,8.5,,4.23,2007
363,363,Excitebike,Nintendo Entertainment System,Nintendo,Nintendo R&D1,8.4,,4.16,1985
370,370,Super Mario World 2: Yoshi's Island,Super Nintendo Entertainment System,Nintendo,Nintendo EAD,9.0,,4.12,1995
385,385,Golf,Nintendo Entertainment System,Nintendo,Nintendo,,,4.01,1985
386,386,Super Mario Maker,Nintendo Wii U,Nintendo,Nintendo EAD,8.8,8.7,4.01,2015
393,393,Star Fox 64,Nintendo 64,Nintendo,Nintendo EAD,9.0,,4.0,1997
431,430,The Legend of Zelda: Skyward Sword,Nintendo Wii,Nintendo,Nintendo EAD,9.4,,3.67,2011
435,434,Banjo-Kazooie,Nintendo 64,Nintendo,Rare Ltd.,9.3,9.4,3.65,1998
439,438,Pokemon Snap,Nintendo 64,Nintendo,HAL Laboratory,7.9,,3.63,1999
469,468,Donkey Kong Country 3: Dixie Kong's Double Trouble!,Super Nintendo Entertainment System,Nintendo,Rare Ltd.,8.8,,3.51,1996
472,471,Kung Fu,Nintendo Entertainment System,Nintendo,Irem Software Engineering,,,3.5,1985
502,501,The Legend of Zelda: Majora's Mask,Nintendo 64,Nintendo,Nintendo EAD,9.3,,3.36,2000
507,506,Big Brain Academy: Wii Degree,Nintendo Wii,Nintendo,Nintendo EAD,7.1,,3.34,2007
509,508,Luigi's Mansion,Nintendo GameCube,Nintendo,Nintendo EAD,7.9,,3.33,2001
531,530,Baseball,Nintendo Entertainment System,Nintendo,Nintendo,5.5,,3.2,1985
535,534,Killer Instinct,Super Nintendo Entertainment System,Nintendo,Rare Ltd.,,,3.2,1995
557,556,Mario Party 9,Nintendo Wii,Nintendo,"Nd Cube Co., Ltd.",6.5,,3.11,2012
569,568,New Super Luigi U,Nintendo Wii U,Nintendo,Nintendo,7.8,8.0,3.05,2013
576,575,Mike Tyson's Punch-Out!!,Nintendo Entertainment System,Nintendo,Nintendo IRD,,,3.02,1987
581,580,1-2-Switch,Nintendo Switch,Nintendo,Nintendo EPD,5.7,,3.01,2017
596,595,Star Fox,Super Nintendo Entertainment System,Nintendo,Argonaut Games,,,2.99,1993
612,611,Wave Race 64,Nintendo 64,Nintendo,Nintendo EAD,9.2,,2.94,1996
630,629,Fire Emblem: Three Houses,Nintendo Switch,Nintendo,Intelligent Systems,8.9,8.7,2.87,2019
634,633,Wii Music,Nintendo Wii,Nintendo,Nintendo EAD,5.6,,2.86,2008
639,638,F-Zero,Super Nintendo Entertainment System,Nintendo,Nintendo EAD,,,2.85,1991
640,639,Yoshi's Story,Nintendo 64,Nintendo,Nintendo EAD,,,2.85,1998
642,641,Metroid Prime,Nintendo GameCube,Nintendo,Retro Studios,9.6,9.5,2.84,2002
678,677,Mario Tennis Aces,Nintendo Switch,Nintendo,Camelot Software Planning,7.8,7.1,2.75,2018
683,682,Metroid,Nintendo Entertainment System,Nintendo,Nintendo R&D1,8.0,,2.73,1987
684,683,Ring Fit Adventure,Nintendo Switch,Nintendo,Nintendo EPD,8.3,8.8,2.73,2019
686,685,"Pokemon: Let's Go, Eevee!",Nintendo Switch,Nintendo,Game Freak,8.3,6.1,2.73,2018
696,695,Mario Party,Nintendo 64,Nintendo,Hudson Soft,7.6,,2.7,1999
713,712,Star Wars: Shadows of the Empire,Nintendo 64,Nintendo,LucasArts,6.5,,2.65,1996
714,713,Super Mario Bros. 2 (FDS),Nintendo Entertainment System,Nintendo,Nintendo EAD,8.5,8.1,2.65,1986
727,726,Mario Strikers Charged,Nintendo Wii,Nintendo,Next Level Games,7.7,,2.6,2007
747,746,Kirby Star Allies,Nintendo Switch,Nintendo,HAL Laboratory,8.1,10.0,2.56,2018
750,749,Pokemon Stadium 2,Nintendo 64,Nintendo,HAL Laboratory,7.9,,2.54,2001
777,776,Mario Party 2,Nintendo 64,Nintendo,Hudson Soft,7.9,,2.48,2000
789,788,Mario Party 4,Nintendo GameCube,Nintendo,Hudson Soft,7.0,,2.46,2002
799,798,Ice Hockey,Nintendo Entertainment System,Nintendo,Nintendo,7.0,,2.42,1988
806,805,Pokemon Colosseum,Nintendo GameCube,Nintendo,Genius Sonority Inc.,7.0,,2.41,2004
817,816,Pro Wrestling,Nintendo Entertainment System,Nintendo,TRY Corporation,,,2.4,1987
846,845,WarioWare: Smooth Moves,Nintendo Wii,Nintendo,Intelligent Systems,8.2,,2.35,2007
856,855,Mario Super Sluggers,Nintendo Wii,Nintendo,Bandai Namco Games / NOW Production,6.7,,2.32,2008
857,856,Mario Tennis,Nintendo 64,Nintendo,Camelot Software Planning,8.8,,2.32,2000
863,862,Mario Paint,Super Nintendo Entertainment System,Nintendo,Intelligent Systems,,,2.31,1992
864,863,The Legend of Zelda: The Wind Waker,Nintendo Wii U,Nintendo,Nintendo EAD,9.3,,2.31,2013
879,878,Mario Bros.,Nintendo Entertainment System,Nintendo,Nintendo R&D1,4.5,,2.28,1986
884,883,Animal Crossing,Nintendo GameCube,Nintendo,Nintendo EAD,8.3,,2.27,2002
892,891,Donkey Kong Country: Tropical Freeze,Nintendo Switch,Nintendo,Retro Studios,9.1,9.1,2.25,2018
900,899,Super Mario All-Stars: Limited Edition,Nintendo Wii,Nintendo,Nintendo EAD,7.2,,2.24,2010
903,902,Mario Party 10,Nintendo Wii U,Nintendo,"Nd Cube Co., Ltd.",6.3,6.4,2.23,2015
914,913,ARMS,Nintendo Switch,Nintendo,Nintendo EPD,7.9,7.1,2.21,2017
940,939,Mario Party 5,Nintendo GameCube,Nintendo,Hudson Soft,5.9,,2.17,2003
942,941,Tennis,Nintendo Entertainment System,Nintendo,Nintendo,,,2.17,1985
956,955,Volleyball,Nintendo Entertainment System,Nintendo,Nintendo R&D1,,,2.15,1987
958,957,Mahjong,Nintendo Entertainment System,Nintendo,Nintendo,,,2.14,1983
960,959,R.C. Pro-Am,Nintendo Entertainment System,Nintendo,Rare Ltd.,,,2.14,1988
962,961,Super Mario RPG: Legend of the Seven Stars,Super Nintendo Entertainment System,Nintendo,SquareSoft,,,2.14,1996
992,991,Mario Party 7,Nintendo GameCube,Nintendo,Hudson Soft,6.0,,2.08,2005
1028,1027,1080?ï¿½: TenEighty Snowboarding,Nintendo 64,Nintendo,Nintendo EAD,9.1,,2.03,1998
1040,1039,Donkey Kong Country: Tropical Freeze,Nintendo Wii U,Nintendo,Retro Studios,8.8,9.1,2.01,2014
1051,1050,Dragon Warrior,Nintendo Entertainment System,Nintendo,ChunSoft,,,2.0,1989
1073,1072,Mario Sports Mix,Nintendo Wii,Nintendo,Square Enix,6.0,,1.98,2011
1074,1073,SimCity,Super Nintendo Entertainment System,Nintendo,Intelligent Systems,,,1.98,1991
1084,1083,Rad Racer,Nintendo Entertainment System,Nintendo,SquareSoft,,,1.96,1987
1085,1084,Soccer,Nintendo Entertainment System,Nintendo,"Iwasaki Electronics Co., Ltd.",,,1.96,1987
1090,1089,Pokemon Battle Revolution,Nintendo Wii,Nintendo,Genius Sonority Inc.,5.2,,1.95,2007
1118,1117,Mario Party 3,Nintendo 64,Nintendo,Hudson Soft,7.0,,1.91,2001
1119,1118,Paper Mario: The Thousand-Year Door,Nintendo GameCube,Nintendo,Intelligent Systems,9.0,,1.91,2004
1159,1158,Kirby's Epic Yarn,Nintendo Wii,Nintendo,Good-Feel,8.7,,1.85,2010
1160,1159,Pinball,Nintendo Entertainment System,Nintendo,Nintendo,,,1.85,1985
1169,1168,"Hey You, Pikachu!",Nintendo 64,Nintendo,Ambrella,6.0,,1.83,2000
1176,1175,Star Fox Adventures,Nintendo GameCube,Nintendo,Rare Ltd.,8.1,,1.82,2002
1199,1198,Kirby's Return to Dreamland,Nintendo Wii,Nintendo,HAL Laboratory,7.6,,1.79,2011
1200,1199,New Play Control! Mario Power Tennis,Nintendo Wii,Nintendo,Camelot Software Planning,6.6,,1.79,2009
1207,1206,Wii Party U,Nintendo Wii U,Nintendo,"Nd Cube Co., Ltd.",6.6,6.9,1.78,2013
1213,1212,Kirby 64: The Crystal Shards,Nintendo 64,Nintendo,HAL Laboratory,7.9,,1.77,2000
1220,1219,Kid Icarus,Nintendo Entertainment System,Nintendo,Nintendo R&D1,7.0,,1.76,1987
1236,1235,Kirby's Adventure,Nintendo Entertainment System,Nintendo,HAL Laboratory,9.5,,1.75,1993
1237,1236,Yoshi,Nintendo Entertainment System,Nintendo,Game Freak,,,1.75,1992
1255,1254,Xenoblade Chronicles 2,Nintendo Switch,Nintendo,Monolith Soft,8.2,8.7,1.73,2017
1260,1259,Cruis'n USA,Nintendo 64,Nintendo,Midway Games,4.0,,1.72,1996
1327,1326,The Legend of Zelda: Breath of the Wild,Nintendo Wii U,Nintendo,Nintendo EPD,10.0,10.0,1.67,2017
1347,1346,Super Scope 6,Super Nintendo Entertainment System,Nintendo,Nintendo R&D1,,,1.65,1992
1358,1357,Wii Play: Motion,Nintendo Wii,Nintendo,Nintendo EAD,5.2,,1.64,2011
1363,1362,Mario Party 6,Nintendo GameCube,Nintendo,Hudson Soft,7.2,,1.63,2004
1395,1394,Pikmin,Nintendo GameCube,Nintendo,Nintendo EAD,8.1,,1.6,2001
1399,1398,Super Mario Strikers,Nintendo GameCube,Nintendo,Next Level Games,8.0,,1.6,2005
1433,1432,Donkey Kong Classics,Nintendo Entertainment System,Nintendo,Nintendo,,,1.56,1988
1435,1434,Yoshi's Woolly World,Nintendo Wii U,Nintendo,Good-Feel,7.4,6.0,1.56,2015
1476,1475,F1 Race,Nintendo Entertainment System,Nintendo,Nintendo,9.5,7.4,1.52,1984
1515,1514,Ice Climber,Nintendo Entertainment System,Nintendo,Nintendo R&D1,6.5,,1.5,1985
1517,1516,Octopath Traveler,Nintendo Switch,Nintendo,Square Enix,8.1,8.7,1.5,2018
1535,1534,Banjo-Tooie,Nintendo 64,Nintendo,Rare Ltd.,9.3,,1.49,2000
1546,1545,Nintendo World Cup,Nintendo Entertainment System,Nintendo,Technos Japan Corporation,,,1.48,1990
1563,1562,Mario Golf,Nintendo 64,Nintendo,Camelot Software Planning,9.0,,1.47,1999
1584,1583,4 Nin uchi Mahjong,Nintendo Entertainment System,Nintendo,Hudson Soft,,,1.45,1984
1600,1599,Kirby Super Star,Super Nintendo Entertainment System,Nintendo,HAL Laboratory,,,1.44,1996
1614,1613,The Legend of Zelda: Twilight Princess,Nintendo GameCube,Nintendo,Nintendo EAD,9.5,,1.43,2006
1623,1622,Pokemon XD: Gale of Darkness,Nintendo GameCube,Nintendo,Genius Sonority Inc.,6.9,,1.42,2005
1626,1625,Super Metroid,Super Nintendo Entertainment System,Nintendo,Intelligent Systems,8.0,,1.42,1994
1637,1636,Metroid Prime 3: Corruption,Nintendo Wii,Nintendo,Retro Studios,9.0,9.4,1.41,2007
1694,1693,Paper Mario,Nintendo 64,Nintendo,Intelligent Systems,9.1,,1.37,2001
1696,1695,Pocket Monsters Stadium,Nintendo 64,Nintendo,HAL Laboratory,,,1.37,1998
1711,1710,Captain Toad: Treasure Tracker,Nintendo Wii U,Nintendo,Nintendo EAD Tokyo,7.7,8.6,1.36,2014
1719,1718,Metroid: Other M,Nintendo Wii,Nintendo,Nintendo SPD Production Group 1/Team Ninja,7.7,,1.36,2010
1727,1726,Kirby Air Ride,Nintendo GameCube,Nintendo,HAL Laboratory,6.4,,1.35,2003
1745,1744,Donkey Kong Jungle Beat,Nintendo GameCube,Nintendo,Nintendo EAD Tokyo,7.9,,1.34,2005
1773,1772,Gyromite,Nintendo Entertainment System,Nintendo,Nintendo R&D1,,,1.32,1985
1805,1804,Final Fantasy: Crystal Chronicles,Nintendo GameCube,Nintendo,Square Enix,7.7,7.5,1.3,2004
1855,1854,Hogan's Alley,Nintendo Entertainment System,Nintendo,Intelligent Systems,,,1.27,1985
1856,1855,Mario Golf: Toadstool Tour,Nintendo GameCube,Nintendo,Camelot Software Planning,8.1,,1.27,2003
1872,1871,Pikmin 3,Nintendo Wii U,Nintendo,Nintendo EAD,8.7,8.7,1.26,2013
1873,1872,Pokemon Mystery Dungeon: Rescue Team DX,Nintendo Switch,Nintendo,Spike Chunsoft,6.8,8.3,1.26,2020
1888,1887,Pok??Park Wii: Pikachu's Adventure,Nintendo Wii,Nintendo,Creatures Inc.,,,1.25,2010
1975,1974,Final Fantasy,Nintendo Entertainment System,Nintendo,Square,8.5,,1.2,1990
2001,2000,Kobe Bryant in NBA Courtside,Nintendo 64,Nintendo,Left Field Productions,7.8,,1.19,1998
2015,2014,Captain Toad: Treasure Tracker,Nintendo Switch,Nintendo,Nintendo EPD,8.1,8.0,1.18,2018
2016,2015,Donkey Konga,Nintendo GameCube,Nintendo,Namco,7.3,,1.18,2004
2051,2050,Mario Power Tennis,Nintendo GameCube,Nintendo,Camelot Software Planning,8.1,,1.16,2004
2053,2052,Pokken Tournament DX,Nintendo Switch,Nintendo,Namco Bandai Games,8.0,7.5,1.16,2017
2075,2074,LEGO City Undercover,Nintendo Wii U,Nintendo,TT Fusion,7.5,8.3,1.15,2013
2100,2099,Pilotwings,Super Nintendo Entertainment System,Nintendo,Nintendo EAD,,,1.14,1991
2101,2100,Punch-Out!!,Nintendo Wii,Nintendo,Next Level Games,8.7,,1.14,2009
2122,2121,Donkey Kong,Nintendo Entertainment System,Nintendo,Nintendo,4.0,,1.13,1986
2140,2139,Pikmin 2,Nintendo GameCube,Nintendo,Nintendo EAD,9.1,,1.12,2004
2141,2140,Pilotwings 64,Nintendo 64,Nintendo,Paradigm Entertainment,8.2,,1.12,1996
2142,2141,The Legend of Zelda: Twilight Princess HD,Nintendo Wii U,Nintendo,Tantalus Interactive,8.4,8.5,1.12,2016
2143,2142,Yoshi's Cookie,Nintendo Entertainment System,Nintendo,Bullet Proof Software,,,1.12,1993
2162,2161,Donkey Kong Jr.,Nintendo Entertainment System,Nintendo,Nintendo R&D1,5.0,,1.11,1986
2166,2165,Yoshi's Crafted World,Nintendo Switch,Nintendo,Good-Feel,7.8,8.0,1.11,2019
2183,2182,F-Zero X,Nintendo 64,Nintendo,Nintendo EAD,8.5,,1.1,1998
2188,2187,Metroid Prime 2: Echoes,Nintendo GameCube,Nintendo,Retro Studios,9.2,,1.1,2004
2190,2189,Popeye,Nintendo Entertainment System,Nintendo,Nintendo,,,1.1,1986
2221,2220,Nintendo Labo: Toy-Con 01 Variety Kit,Nintendo Switch,Nintendo,Nintendo EPD,7.7,,1.09,2018
2245,2244,Astral Chain,Nintendo Switch,Nintendo,PlatinumGames,8.9,8.7,1.08,2019
2246,2245,Marvel Ultimate Alliance 3: The Black Order,Nintendo Switch,Nintendo,Team Ninja,7.3,7.2,1.08,2019
2253,2252,Star Fox: Assault,Nintendo GameCube,Nintendo,Namco,6.6,8.5,1.08,2005
2289,2288,Endless Ocean,Nintendo Wii,Nintendo,Arika,6.8,,1.06,2008
2293,2292,Wario Land: Shake It!,Nintendo Wii,Nintendo,Good-Feel,7.3,,1.06,2008
2320,2319,Mario Superstar Baseball,Nintendo GameCube,Nintendo,Namco / NOW Production,7.2,,1.05,2005
2439,2438,Excitebike 64,Nintendo 64,Nintendo,Left Field Productions,8.9,,1.0,2000
2447,2446,Hyrule Warriors,Nintendo Wii U,Nintendo,Omega Force,7.4,8.3,1.0,2014
2457,2456,NES Open Tournament Golf,Nintendo Entertainment System,Nintendo,Nintendo R&D2,7.5,,1.0,1991
2459,2458,Pokken Tournament,Nintendo Wii U,Nintendo,Namco Bandai Games,7.6,7.3,1.0,2016
2519,2518,Tetris 2,Nintendo Entertainment System,Nintendo,Nintendo,,,0.98,1993
2669,2668,Balloon Fight,Nintendo Entertainment System,Nintendo,Nintendo R&D1,6.0,,0.92,1986
2674,2673,Xenoblade Chronicles,Nintendo Wii,Nintendo,Monolith Soft,9.3,,0.92,2012
2724,2723,Fitness Boxing,Nintendo Switch,Nintendo,Imagineer,7.0,7.1,0.9,2019
2749,2748,Rhythm Heaven Fever,Nintendo Wii,Nintendo,Nintendo / TNX,7.0,,0.89,2012
2810,2809,Paper Mario: Color Splash,Nintendo Wii U,Nintendo,Intelligent Systems,7.4,6.4,0.87,2016
2830,2829,Endless Ocean: Blue World,Nintendo Wii,Nintendo,Arika,7.6,,0.87,2010
2833,2832,Wii Fit U,Nintendo Wii U,Nintendo,Nintendo,7.2,7.7,0.86,2014
2850,2849,Bayonetta 2,Nintendo Wii U,Nintendo,PlatinumGames,9.3,8.9,0.86,2014
2886,2885,Xenoblade Chronicles X,Nintendo Wii U,Nintendo,Monolith Soft,8.1,9.1,0.84,2015
2953,2952,Clu Clu Land,Nintendo Entertainment System,Nintendo,Nintendo R&D1,,,0.82,1985
2954,2953,Killer Instinct Gold,Nintendo 64,Nintendo,Rare Ltd.,,,0.82,1996
2977,2976,The Legend of Zelda: Four Swords Adventures,Nintendo GameCube,Nintendo,Nintendo EAD,8.4,,0.81,2004
2996,2995,EarthBound,Super Nintendo Entertainment System,Nintendo,Ape Studios / HAL Laboratory,,,0.81,1995
3021,3020,Mario & Sonic at the Sochi 2014 Olympic Winter Games,Nintendo Wii U,Nintendo,Sega Sports R&D,5.9,6.1,0.8,2013
3061,3060,Major League Baseball Featuring Ken Griffey Jr,Nintendo 64,Nintendo,Angel Studios,,,0.79,1998
3172,3171,Pok??Park 2: Wonders Beyond,Nintendo Wii,Nintendo,Creatures Inc.,6.5,,0.76,2012
3280,3279,Just Dance Wii,Nintendo Wii,Nintendo,Unknown,,,0.73,2011
3356,3355,Blast Corps,Nintendo 64,Nintendo,Rare Ltd.,9.1,,0.71,1997
3362,3361,"WarioWare, Inc.: Mega Party Game$",Nintendo GameCube,Nintendo,Nintendo R&D1,,,0.71,2004
3428,3427,Fire Emblem: Monshou no Nazo,Super Nintendo Entertainment System,Nintendo,Intelligent Systems,,,0.7,1994
3431,3430,Super Mario USA,Nintendo Entertainment System,Nintendo,Nintendo EAD,,,0.69,1992
3454,3453,Kirby's Dream Collection: Special Edition,Nintendo Wii,Nintendo,HAL Laboratory,8.0,,0.69,2012
3608,3607,F-Zero GX,Nintendo GameCube,Nintendo,Amusement Vision,8.4,,0.65,2003
3656,3655,New Play Control! Pikmin,Nintendo Wii,Nintendo,Nintendo EAD,7.7,9.3,0.64,2009
3686,3685,Cruis'n World,Nintendo 64,Nintendo,Eurocom Entertainment Software,6.5,,0.64,1998
3757,3756,Donkey Kong Barrel Blast,Nintendo Wii,Nintendo,Paon Corporation,4.8,,0.62,2007
3805,3804,Metroid Prime: Trilogy,Nintendo Wii,Nintendo,Retro Studios,9.0,9.6,0.61,2009
3830,3829,New Play Control! Pikmin 2,Nintendo Wii,Nintendo,Nintendo EAD,8.7,,0.61,2012
3855,3854,Wave Race: Blue Storm,Nintendo GameCube,Nintendo,Nintendo Software Technology Corporation,8.4,,0.6,2001
3882,3881,Mickey's Speedway USA,Nintendo 64,Nintendo,Rare Ltd.,6.8,,0.6,2000
3895,3894,New Play Control! Donkey Kong Jungle Beat,Nintendo Wii,Nintendo,Nintendo EAD Tokyo,8.4,,0.6,2009
3922,3921,Waialae Country Club: True Golf Classics,Nintendo 64,Nintendo,Tikipod,5.8,,0.59,1998
3973,3972,Kirby's Dream Course,Super Nintendo Entertainment System,Nintendo,HAL Laboratory,7.5,,0.59,1995
4021,4020,Kirby and the Rainbow Curse,Nintendo Wii U,Nintendo,HAL Laboratory,8.2,8.0,0.58,2015
4037,4036,Fire Emblem: Seisen no Keifu,Super Nintendo Entertainment System,Nintendo,Intelligent Systems,,,0.58,1996
4061,4060,Bayonetta 2,Nintendo Switch,Nintendo,PlatinumGames,9.5,8.4,0.57,2018
4086,4085,Nazo no Murasame-Jou (FDS),Nintendo Entertainment System,Nintendo,Nintendo EAD,,,0.57,1986
4304,4303,Fire Emblem: Path of Radiance,Nintendo GameCube,Nintendo,Intelligent Systems,8.6,,0.54,2005
4309,4308,Mario Tennis Ultra Smash,Nintendo Wii U,Nintendo,Camelot Software Planning,6.1,,0.54,2015
4367,4366,Excite Truck,Nintendo Wii,Nintendo,Monster Games Inc.,7.0,,0.53,2006
4438,4437,Mega Man 6,Nintendo Entertainment System,Nintendo,Capcom,,,0.52,1994
4501,4500,Wrecking Crew,Nintendo Entertainment System,Nintendo,Nintendo,,,0.51,1985
4533,4532,Fire Emblem Warriors,Nintendo Switch,Nintendo,Omega Force,7.3,9.6,0.51,2017
4641,4640,Fire Emblem: Radiant Dawn,Nintendo Wii,Nintendo,Intelligent Systems,7.7,8.5,0.49,2007
4659,4658,Mario & Wario,Super Nintendo Entertainment System,Nintendo,Game Freak,,,0.49,1993
4666,4665,Animal Crossing: Amiibo Festival,Nintendo Wii U,Nintendo,"Nd Cube Co., Ltd.",4.8,,0.49,2015
4678,4677,Mario & Sonic at the Rio 2016 Olympic Games,Nintendo Wii U,Nintendo,Sega Sports R&D,6.5,7.9,0.49,2016
4723,4722,Fortune Street,Nintendo Wii,Nintendo,Square Enix,7.0,,0.48,2011
4815,4814,Bomberman Hero,Nintendo 64,Nintendo,AI,6.0,,0.47,1998
4826,4825,FlingSmash,Nintendo Wii,Nintendo,Artoon,3.8,,0.47,2010
4858,4857,Dance Dance Revolution: Mario Mix,Nintendo GameCube,Nintendo,Konami,7.0,,0.47,2005
4923,4922,Hyrule Warriors: Definitive Edition,Nintendo Switch,Nintendo,Omega Force,8.0,8.1,0.46,2018
4927,4926,Space Invaders,Super Nintendo Entertainment System,Nintendo,Taito Corporation,4.0,,0.46,1997
5000,4999,Pokemon Puzzle League,Nintendo 64,Nintendo,Nintendo Software Technology Corporation,8.9,,0.45,2000
5104,5103,Star Fox: Zero,Nintendo Wii U,Nintendo,Nintendo EPD,6.7,,0.44,2016
5116,5115,Samurai Warriors 3,Nintendo Wii,Nintendo,Omega Force,5.1,,0.44,2010
5124,5123,Wario World,Nintendo GameCube,Nintendo,"Treasure Co., Ltd.",7.5,,0.44,2003
5140,5139,Eternal Darkness: Sanity's Requiem,Nintendo GameCube,Nintendo,Silicon Knights,9.3,,0.44,2002
5203,5202,Mischief Makers,Nintendo 64,Nintendo,"Treasure Co., Ltd.",6.5,,0.43,1997
5233,5232,Sin and Punishment: Star Successor,Nintendo Wii,Nintendo,"Treasure Co., Ltd.",8.4,,0.43,2010
5295,5294,Dr. Mario 64,Nintendo 64,Nintendo,Newcom,6.0,,0.42,2001
5430,5429,Nintendo Labo: Toy-Con 03 Vehicle Kit,Nintendo Switch,Nintendo,Nintendo EPD,7.0,,0.41,2018
5434,5433,Mario no Super Picross,Super Nintendo Entertainment System,Nintendo,Jupiter Multimedia,,,0.41,1995
5481,5480,Battalion Wars,Nintendo GameCube,Nintendo,Kuju Entertainment,8.8,,0.4,2005
5501,5500,RR64: Ridge Racer 64,Nintendo 64,Nintendo,Nintendo Software Technology Corporation,,,0.4,2000
5597,5596,Donkey Konga 2,Nintendo GameCube,Nintendo,Namco,6.5,,0.39,2005
5609,5608,Custom Robo V2,Nintendo 64,Nintendo,Noise Inc.,,,0.39,2000
5613,5612,Chibi-Robo! Plug into Adventure!,Nintendo GameCube,Nintendo,skip Ltd.,7.4,,0.39,2006
5662,5661,Super Soccer,Super Nintendo Entertainment System,Nintendo,Human Entertainment,,,0.38,1992
5672,5671,Wii Sports Club,Nintendo Wii U,Nintendo,Nintendo,6.7,7.0,0.38,2014
5735,5734,Pokemon Channel,Nintendo GameCube,Nintendo,Ambrella,5.2,,0.38,2003
5795,5794,Go Vacation,Nintendo Switch,Nintendo,Bandai Namco Studios,6.2,7.6,0.37,2018
5828,5827,Custom Robo,Nintendo GameCube,Nintendo,Noise Inc.,,,0.37,2004
5922,5921,The Wonderful 101,Nintendo Wii U,Nintendo,PlatinumGames,8.0,8.6,0.36,2013
5924,5923,Kirby's Dream Land 3,Super Nintendo Entertainment System,Nintendo,HAL Laboratory,7.0,,0.36,1997
5931,5930,Tetrisphere,Nintendo 64,Nintendo,H2O Interactive,8.0,,0.36,1997
5939,5938,Nintendo Labo: Toy-Con 02 Robot Kit,Nintendo Switch,Nintendo,Nintendo EPD,7.0,,0.36,2018
6013,6012,Stunt Race FX,Super Nintendo Entertainment System,Nintendo,Argonaut Games,,,0.35,1994
6100,6099,Battalion Wars 2,Nintendo Wii,Nintendo,Kuju Entertainment,7.7,,0.34,2007
6217,6216,Mystery Case Files: The Malgrave Incident,Nintendo Wii,Nintendo,Big Fish Games,6.3,,0.33,2011
6289,6288,Tokyo Mirage Sessions #FE,Nintendo Wii U,Nintendo,Atlus,8.0,7.9,0.33,2016
6544,6543,Animal Crossing,Nintendo 64,Nintendo,Nintendo EAD,,,0.31,2001
6652,6651,Sing Party,Nintendo Wii U,Nintendo,FreeStyleGames,6.8,,0.3,2012
6777,6776,NES Remix,Nintendo Wii U,Nintendo,Nintendo,8.0,7.2,0.29,2013
6815,6814,Just Dance Wii 2,Nintendo Wii,Nintendo,Ubisoft,,,0.29,2012
6831,6830,Ken Griffey Jr.'s Slugfest,Nintendo 64,Nintendo,Angel Studios,7.9,,0.29,1999
6833,6832,The New Tetris,Nintendo 64,Nintendo,H2O Interactive,8.8,,0.29,1999
7061,7060,ExciteBots: Trick Racing,Nintendo Wii,Nintendo,Monster Games,7.7,,0.28,2009
7066,7065,Pokemon Box: Ruby and Sapphire,Nintendo GameCube,Nintendo,The Pokemon Company,,,0.28,2004
7184,7183,Command & Conquer,Nintendo 64,Nintendo,Looking Glass Studios,,,0.27,1999
7267,7266,The World Ends with You: Final Remix,Nintendo Switch,Nintendo,Square Enix,7.4,7.5,0.27,2018
7439,7438,Fire Emblem: Thracia 776,Super Nintendo Entertainment System,Nintendo,Intelligent Systems,,,0.26,1999
7488,7487,Game & Wario,Nintendo Wii U,Nintendo,Intelligent Systems,6.2,6.5,0.25,2013
7585,7584,NBA Courtside 2 featuring Kobe Bryant,Nintendo 64,Nintendo,Left Field Productions,,,0.25,1999
7679,7678,NBA Courtside 2002,Nintendo GameCube,Nintendo,Left Field Productions,7.6,,0.25,2002
8792,8791,Are You Smarter Than a 5th Grader? Back to School,Nintendo Wii,Nintendo,ImaginEngine,,,0.19,2010
8826,8825,Disney's Magical Mirror Starring Mickey Mouse,Nintendo GameCube,Nintendo,Capcom,4.0,,0.19,2002
9043,9042,Ninja Gaiden 3: Razor's Edge,Nintendo Wii U,Nintendo,Team Ninja,6.5,7.5,0.19,2012
9555,9554,Itoi Shigesato no Bass Tsuri No. 1,Super Nintendo Entertainment System,Nintendo,HAL Laboratory,,,0.17,1997
9717,9716,Starcraft 64,Nintendo 64,Nintendo,Mass Media,8.0,,0.16,2000
9825,9824,Xenoblade Chronicles 2: Torna ~ The Golden Country,Nintendo Switch,Nintendo,Monolith Soft,7.5,8.6,0.16,2018
10042,10041,Tetris Attack,Super Nintendo Entertainment System,Nintendo,Intelligent Systems,,,0.15,1996
10072,10071,Geist,Nintendo GameCube,Nintendo,n-Space,6.6,7.6,0.15,2005
10248,10247,Doshin the Giant,Nintendo GameCube,Nintendo,Param,6.8,,0.14,2002
10758,10757,Illusion of Gaia,Super Nintendo Entertainment System,Nintendo,Quintet,,,0.13,1994
10784,10783,Sin and Punishment,Nintendo 64,Nintendo,"Treasure Co., Ltd.",,,0.13,2000
11171,11170,"Snipperclips Plus: Cut It Out, Together!",Nintendo Switch,Nintendo,SFB Games,8.2,8.5,0.12,2017
11231,11230,Fatal Frame: Maiden of Black Water,Nintendo Wii U,Nintendo,Koei Tecmo Games,6.7,5.8,0.12,2015
11581,11580,Zangeki no Reginleiv,Nintendo Wii,Nintendo,Sandlot,,,0.11,2010
11685,11684,Odama,Nintendo GameCube,Nintendo,VIVARIUM Inc.,6.5,,0.11,2006
11940,11939,Fatal Frame 2: Wii Edition,Nintendo Wii,Nintendo,Koei Tecmo Games,,,0.11,2012
12124,12123,Baten Kaitos Origins,Nintendo GameCube,Nintendo,tri-Crescendo / Monolith Soft,7.5,,0.1,2006
12485,12484,Terranigma,Super Nintendo Entertainment System,Nintendo,Quintet,,,0.09,1996
12625,12624,Just Dance Wii U,Nintendo Wii U,Nintendo,Unknown,,,0.09,2014
13376,13375,Minna no Joushiki Ryoku TV,Nintendo Wii,Nintendo,HAL Laboratory,,,0.08,2008
13592,13591,Disaster: Day of Crisis,Nintendo Wii,Nintendo,Monolith Soft,6.4,8.0,0.07,2008
13611,13610,Itoi Shigesato no Bass Tsuri No. 1 Ketteihan!,Nintendo 64,Nintendo,HAL Laboratory,,,0.07,2000
13612,13611,Itoi Shigesato no Bass Tsuri No. 1 Ketteihan!,Nintendo 64,Nintendo,HAL Laboratory,,,0.07,2000
13734,13733,Sushi Striker: The Way of Sushido,Nintendo Switch,Nintendo,Indies Zero,7.9,7.6,0.07,2018
14191,14190,Another Code R: A Journey into Lost Memories,Nintendo Wii,Nintendo,Cing,5.9,,0.06,2009
14546,14545,Dance Dance Revolution: Mario Mix (JP sales),Nintendo GameCube,Nintendo,Konami,7.5,,0.06,2005
14657,14656,PokePark 2: Wonders Beyond,Nintendo Wii,Nintendo,"Creatures, Inc.",,,0.05,2012
15155,15154,Wii de Asobu Chibi-Robo!,Nintendo Wii,Nintendo,skip Ltd.,,,0.05,2009
15283,15282,Devil's Third,Nintendo Wii U,Nintendo,Valhalla Game Studios,3.8,5.7,0.05,2015
15387,15386,Minna ga Shuyaku no NHK Kouhaku Quiz Kassen,Nintendo Wii,Nintendo,Nintendo,,,0.04,2009
16401,16400,Eyeshield 21: Field Saikyou no Senshi Tachi,Nintendo Wii,Nintendo,Eighting,,,0.03,2007
17927,17926,Art Academy: Home Studio,Nintendo Wii U,Nintendo,Headstrong Games,8.2,7.9,0.02,2015
18101,18100,Mario vs. Donkey Kong: Tipping Stars,Nintendo Wii U,Nintendo,Nintendo Software Technology Corporation,6.4,7.5,0.02,2015
18791,18790,Captain Rainbow,Nintendo Wii,Nintendo,skip Ltd.,7.0,,0.01,2008
18995,18994,Takt of Magic,Nintendo Wii,Nintendo,Taito Corporation,,,0.01,2009
